"ms_id","pr_id","files","confFiles","chunks","confChunks","devs","code_churn","confCodeChurn","complexity","integrator.knew","formatting","merge.time.diff"
87648,28,17,2,29,2,5,924,32,4,0,50,871264
1687,26,3,1,14,1,3,61,9,2,0,0,18063
89284,10,7,2,25,2,9,73,19,2,0,0,132
1958,1,1,1,2,1,1,11,5,2,0,0,990
2563,1,10,1,72,1,7,546,13,2,0,0,650
5397,1,9,1,22,1,1,877,11,2,0,0,5267
5438,1,18,2,187,4,2,1538,113,8,0,0,1066
6370,1,9,1,36,1,3,917,6,2,0,0,648
6518,1,5,1,162,1,4,536,7,2,0,0,39370
7049,1,4,1,64,2,2,424,22,4,0,0,3651
7149,1,4,1,47,1,2,87,5,2,0,0,50
7457,1,7,1,13,1,2,851,10,2,0,0,3798
8157,1,3,1,5,1,2,53,21,3,0,0,149
8302,1,26,1,125,1,12,4498,89,4,0,0,102896
8380,1,1,1,1,1,2,5,5,2,0,0,55950
8396,1,27,1,142,1,12,4529,89,4,0,0,348
8513,1,6,1,25,1,4,169,8,2,0,0,86238
8614,1,5,1,71,1,2,740,13,2,0,0,176
8622,1,6,1,59,1,2,405,5,2,0,0,2479
8639,1,9,1,108,1,2,1077,52,7,0,0,12971
8662,1,9,1,478,1,2,1863,52,7,0,0,856
8794,1,7,1,68,1,2,625,39,2,0,100,1537
9041,1,33,2,272,4,5,3055,303,12,0,0,106567
9481,1,7,2,77,2,3,181,87,4,0,0,375
9563,1,28,1,50,1,3,33969,39,2,0,0,3673
9949,1,10,1,146,4,2,879,124,9,0,0,780
9989,1,43,2,449,2,3,9263,33,4,0,0,319
10309,1,1,1,5,1,2,10,5,2,0,0,190
10433,1,28,1,329,1,5,2810,6,2,0,0,94
11391,1,3,1,9,1,2,157,15,2,0,0,315
18462,1,7,1,41,1,1,1128,7,2,0,0,37
18548,1,23,1,586,3,4,1189,30,6,0,0,757
20174,1,258,1,386,1,2,42343,7,2,0,0,1803
21673,1,343,2,997,4,30,58247,107,8,0,0,20355
22116,1,2,1,26,4,1,114,20,8,0,25,14
22375,1,39,1,218,1,17,4636,7,2,0,0,31659
23615,1,5,1,49,1,3,87,15,2,0,0,240
23632,1,61,1,423,1,29,9601,5,2,0,0,545
23685,1,52,2,481,6,19,4702,71,12,0,0,1288
23977,1,15,2,128,2,5,623,19,4,0,0,122
24237,1,28,1,127,1,5,2017,435,2,0,0,3244
26188,1,67,1,599,1,33,4538,14,2,0,0,4116
26334,1,69,1,611,1,38,4580,10,2,0,0,416
26473,1,67,1,590,1,30,4482,7,2,0,0,339
26619,1,48,1,421,1,25,1314,131,2,0,0,68
26800,1,21,3,505,9,11,1438,232,18,0,0,1830
39013,1,18,1,140,1,12,2026,7,2,0,0,248136
89763,1,6,1,39,1,1,1121,7,2,0,0,2040
89791,1,21,1,570,3,4,1075,30,6,0,0,757
89928,1,24,1,680,1,12,3055,8,2,0,0,4992
90081,1,11,1,109,1,2,232,7,2,0,0,1803
90515,1,11,1,154,1,16,192,7,2,0,0,33491
91956,1,5,1,49,1,3,87,15,2,0,0,243
92018,1,18,1,285,1,28,4632,5,2,0,0,564
92044,1,18,2,338,6,19,835,71,12,0,0,2946
92291,1,8,2,115,2,4,497,19,4,0,0,122
92379,1,21,1,41,1,4,1392,435,2,0,0,3244
92827,1,25,1,367,1,31,2066,14,2,0,0,6000
92844,1,25,1,376,1,35,2082,10,2,0,0,416
92856,1,25,1,359,1,28,2011,7,2,0,0,339
92883,1,26,1,330,1,24,862,131,2,0,0,68
92936,1,17,3,534,9,17,1538,232,18,0,0,1830
93411,1,8,1,388,1,15,3909,7,2,0,0,2254
97094,1,12,1,134,1,11,1995,7,2,0,0,248136
4070,3,6,1,18,1,4,278,28,2,0,0,22607
5269,3,26,1,80,1,2,234,19,2,0,0,1094
5719,3,32,1,108,2,4,1093,78,4,0,0,49962
2129,12,5,1,7,1,2,100,11,2,0,0,77464
3672,12,6,2,27,2,2,555,450,6,0,0,27971
3732,12,9,1,74,1,2,228,38,3,0,0,753
3960,12,21,1,35,1,3,996,7,30,0,0,70573
7010,12,5,1,31,1,2,67,9,2,0,0,881
7324,12,146,2,424,2,4,8292,27,34,0,0,146
10382,12,3,1,15,1,2,101,7,33,0,0,198
11025,12,184,1,322,1,4,23231,71,5,0,0,167
11179,12,187,2,387,2,3,19142,26,4,0,0,239
11255,12,41,1,113,1,2,1908,11,40,0,0,877
11373,12,50,1,149,1,2,1663,11,40,0,0,54
11474,12,9,1,20,1,2,355,11,40,0,0,2023
11616,12,62,1,221,1,2,2184,11,40,0,0,10969
12734,12,23,1,84,1,1,303,11,43,0,0,227
12797,12,29,1,120,1,1,494,11,43,0,0,18
13174,12,4,1,7,1,2,21,9,46,0,0,130306
13203,12,9,1,14,1,2,276,9,46,0,0,23
13266,12,22,1,135,1,2,554,11,46,0,0,29
13316,12,7,1,15,1,2,36,11,46,0,0,55
13333,12,23,1,142,1,3,561,11,46,0,0,37
13572,12,12,1,20,1,4,58,11,46,0,0,10086
16817,12,12,1,20,1,4,33,11,46,0,0,443190
16820,12,10,1,16,1,2,59,11,46,0,0,2503779
16822,12,4,1,4,1,2,16,11,46,0,0,162
16825,12,6,1,10,1,2,37,11,46,0,0,250
16840,12,16,1,34,1,3,100,11,46,0,0,1276
16846,12,12,1,25,1,4,59,11,46,0,0,131
16850,12,9,1,19,1,2,69,11,46,0,0,3518
16857,12,11,1,22,1,2,199,11,46,0,0,34
16862,12,12,1,56,1,2,218,11,46,0,0,1408
16868,12,13,1,92,1,2,280,11,46,0,0,32
16870,12,14,1,102,1,2,332,11,46,0,0,30
16931,12,8,1,10,1,2,149,11,46,0,0,90
16942,12,11,1,15,1,2,183,11,46,0,0,181
16947,12,14,1,19,1,2,190,11,46,0,0,42
16954,12,15,1,23,1,2,208,11,46,0,0,49
16964,12,19,1,37,1,3,225,11,46,0,0,83
16972,12,22,1,66,1,3,447,11,46,0,0,2051
17047,12,7,1,42,1,1,445,11,46,0,0,197
17126,12,11,3,46,6,2,303,60,56,0,0,3010
17194,12,10,1,16,1,2,112,11,46,0,0,99
17213,12,13,1,28,1,2,149,11,46,0,0,108
17243,12,18,1,43,1,2,211,11,46,0,0,104126
17265,12,24,1,58,1,2,400,11,46,0,0,116
17327,12,64,1,416,1,3,11122,11,46,0,0,113
17401,12,66,1,433,1,3,11310,11,46,0,0,54
17465,12,78,1,448,1,3,11810,11,46,0,0,42
17549,12,79,2,455,3,3,11433,265,54,0,0,39
17586,12,34,4,172,5,1,914,74,62,0,0,901
17613,12,70,1,406,1,3,11650,11,46,0,0,77047
17718,12,14,1,38,1,2,96,11,46,0,0,75
17729,12,17,1,42,1,2,117,11,46,0,0,33
17753,12,16,2,667,2,2,6133,95,55,0,0,109
17819,12,18,3,41,3,2,240,47,50,0,0,201
17866,12,4,1,17,1,2,122,11,46,0,0,579
17897,12,5,2,33,2,2,108,20,48,0,0,18143
17968,12,4,1,10,1,2,106,11,46,0,0,165812
18004,12,5,1,37,1,2,101,11,46,0,0,246
18020,12,3,1,3,1,2,19,11,46,0,0,40
18059,12,32,1,147,1,1,385,11,46,0,0,1059
18121,12,91,1,403,1,3,10219,11,2,0,0,317
1859,4,30,6,174,6,2,396,30,2,0,0,2374
1922,4,24,6,486,6,1,1968,30,2,0,0,4687
2142,4,30,12,1140,12,2,2730,60,2,0,0,303
2430,4,24,12,436,12,1,5383,90,4,0,0,229
2518,4,30,6,1170,6,2,2880,30,2,0,0,689
2641,4,24,6,186,6,2,3210,30,2,0,0,46
2848,4,36,12,1056,30,2,5496,480,10,0,0,131
3339,4,48,6,162,6,2,14520,30,2,0,0,41
3387,4,18,6,114,6,2,270,30,2,0,0,95
3432,4,18,12,156,18,2,420,96,6,0,0,33
3489,4,12,12,132,24,2,438,300,8,0,0,50
3524,4,30,12,162,24,2,1194,288,8,0,0,137
3634,4,30,6,78,6,3,13488,30,2,0,0,61
3685,4,30,6,84,6,3,13722,30,2,0,0,7051
3697,4,12,6,90,6,2,156,30,2,0,0,38
3707,4,12,6,36,6,2,96,30,2,0,0,19
3714,4,12,12,96,18,2,294,204,6,0,0,16
3743,4,96,12,810,36,4,10242,612,12,0,0,21433
3823,4,18,6,72,6,2,126,30,2,0,0,29
3866,4,18,6,210,6,2,450,30,2,0,0,37
3993,4,54,6,318,6,2,1296,30,2,0,0,45
4143,4,120,6,354,6,2,16644,30,2,0,0,68
4175,4,18,6,42,6,2,84,30,2,0,0,250
4210,4,36,6,198,6,2,1278,30,2,0,0,15
4412,4,18,6,42,6,2,84,30,2,0,0,15
8564,4,6,2,22,2,3,62,10,2,0,0,5233
8602,4,20,2,28,2,2,40,10,2,0,0,43
8607,4,4,2,4,2,2,18,10,2,0,0,249
8623,4,8,2,36,2,2,52,10,2,0,0,53
8637,4,8,2,8,2,2,16,10,2,0,0,27
8651,4,34,2,132,2,3,464,10,2,0,0,517
11619,4,32,4,654,10,2,2302,806,10,0,0,176369
12284,4,24,2,198,2,3,1828,60,2,0,0,44
16845,4,94,2,2802,132,4,9139,1960,166,0,22.7272727272727,163
16887,4,6,2,16,2,1,458,10,2,0,0,343703
18032,4,28,2,1152,2,4,10980,34,2,0,0,2065
20067,4,3,1,8,1,1,229,5,2,0,0,343703
20807,4,8,1,102,1,1,1924,35,2,0,0,531
21510,4,2,1,7,1,1,13,7,2,0,0,153
22248,4,45,1,152,1,4,797,6,2,0,0,17001
22276,4,2,1,74,1,1,248,25,2,0,0,4570
22299,4,10,1,147,2,2,590,102,4,0,0,324
23010,4,50,2,328,3,6,1886,76,6,0,0,1278
23454,4,11,1,86,1,1,599,57,2,0,0,49
23649,4,29,1,255,1,9,746,10,2,0,0,116043
23698,4,3,1,97,1,1,4645,15,2,0,0,595
24206,4,8,2,10,2,2,1321,382,4,0,0,410
25143,4,16,1,436,1,6,691,43,2,0,0,103
25364,4,71,1,372,1,17,15282,40,2,0,0,19953
25537,4,145,1,702,1,7,32407,143,2,0,0,136
26872,4,19,1,191,1,9,7659,14,2,0,0,413
26947,4,32,2,242,2,11,8933,40,4,0,0,1584
27876,4,8,1,79,1,5,1441,7,2,0,0,2241
27941,4,39,1,680,1,11,4332,44,2,0,0,376
28756,4,28,1,399,3,25,2678,302,6,0,0,1368
28986,4,25,1,138,1,8,2025,9,2,0,0,222
33576,4,4,1,45,1,2,138,54,2,0,0,58
36591,4,5,1,30,1,4,79,5,2,0,0,472
37260,4,3,1,6,1,1,27,5,2,0,0,5321
43871,4,48,1,426,1,23,665,7,2,0,0,693
44375,4,14,1,40,1,5,242,7,2,0,0,45
44714,4,73,1,773,1,37,2442,7,2,0,0,98
45653,4,87,1,1305,1,39,5523,7,2,0,0,158
46603,4,45,1,68,1,4,77,7,2,0,0,91
46625,4,26,1,34,1,4,69,7,2,0,0,198
46975,4,112,1,2180,1,81,13441,16,2,0,0,97353
47701,4,74,1,507,1,16,3169,7,2,0,0,1303
48979,4,93,2,672,3,10,3644,37,103,0,0,35106
49243,4,10,1,16,1,1,66,5,2,0,0,677
49472,4,11,1,13,1,2,92,5,2,0,0,264
49748,4,10,1,14,1,2,92,5,2,0,0,107
50040,4,5,1,6,1,2,45,7,2,0,0,913
50115,4,12,2,29,2,2,209,10,4,0,0,560
50134,4,5,1,11,1,3,15,5,2,0,0,111
52382,4,54,1,1032,1,9,7380,18,2,0,0,819
53635,4,83,3,1188,13,5,8172,237,26,0,0,1156
54010,4,156,1,1767,8,25,23304,74,16,0,0,840
54511,4,139,1,2164,1,23,23714,33,3,0,0,465
54969,4,16,2,47,2,5,169,12,4,0,0,170
55035,4,11,1,68,1,1,162,7,2,0,0,84
55128,4,7,1,12,1,2,72,5,2,0,0,2603
55204,4,84,2,387,2,9,18085,14,4,0,0,14333
55490,4,110,3,1307,3,15,6666,66,6,0,0,11181
56034,4,84,2,636,2,14,1768,14,4,0,0,106
57304,4,61,1,297,1,9,1146,7,2,0,0,1915
57607,4,3,1,11,1,1,77,8,2,0,0,154
108127,4,3,1,9,1,2,14,5,2,0,0,26
108900,4,211,1,1793,3,37,9537,23,6,0,0,839
110508,4,161,1,1731,1,19,6896,7,2,0,0,102764
93683,27,71,1,725,2,2,17916,60,5,0,0,83887
1593,63,1,1,4,1,2,14,10,2,0,0,272
1839,63,17,2,683,3,9,9559,239,6,0,0,171964
2947,63,11,1,216,1,5,8873,40,2,0,0,27683
4255,63,2,1,13,2,3,68,28,4,0,0,92757
5497,63,16,2,167,2,11,20965,20,4,0,0,987
5607,63,2,1,26,1,4,61,19,2,0,100,52234
5732,63,20,2,606,2,25,22707,38,4,0,0,498
6580,63,6,1,31,1,3,510,5,2,0,0,81747
83305,63,8,1,20,1,3,182,12,4,0,0,43
83315,63,2,1,18,2,2,45,10,4,0,0,84
83332,63,24,1,45,1,10,9670,21,2,0,0,921
83344,63,10,1,35,2,8,533,14,4,0,0,352
83366,63,12,1,113,1,7,1162,14,2,0,0,90265
3494,19,84,1,494,1,1,1478,7,2,0,0,3484
25918,19,52,1,134,1,6,647,22,2,0,0,21064
32355,19,37,1,141,1,2,248,14,2,0,0,139
39023,19,18,1,50,1,3,118,9,2,0,0,726869
40084,19,163,1,494,2,12,4021,39,4,0,50,18889
100865,19,117,1,2005,4,27,5597,54,8,0,0,4671
101119,19,42,1,165,1,13,1598,9,2,0,0,379
102188,19,414,1,1756,1,53,14429,23,2,0,0,338
113080,19,231,1,1033,1,11,4830,6,2,0,0,72
113779,19,37,1,171,1,8,483,10,2,0,0,18612
115639,19,155,1,556,1,9,2155,11,2,0,0,45115
141928,19,130,1,1514,1,11,2479,5,2,0,0,116
18536,5,17,1,49,1,4,227,25,2,0,0,447742
18690,5,26,1,46,1,5,266,7,2,0,0,24698
20471,5,90,1,446,1,21,3697,24,4,0,0,632
37181,5,605,1,2564,1,59,64525,15,2,0,0,937
50962,5,302,1,2597,1,26,14224,12,2,0,0,1352
52289,5,332,1,3145,1,13,47225,5,2,0,0,422
52330,5,62,1,334,1,3,4312,7,2,0,0,626
52336,5,68,2,342,2,8,37437,12,4,0,0,66622
79308,5,435,1,849,1,8,1606,5,2,0,0,991754
94860,5,1,1,1,1,1,5,5,2,0,0,617
2840,21,1,1,13,1,6,22,5,2,0,0,543
3039,21,1,1,32,2,12,60,21,4,0,0,169
5408,21,3,1,202,1,59,714,12,2,0,0,82426
6245,21,2,1,275,1,21,893,42,2,0,0,2666
3091,68,27,1,97,1,3,1539,16,2,0,0,56389
3349,68,75,6,413,9,2,4102,274,21,0,0,64697
3527,68,3,2,26,6,2,164,132,14,0,0,1192928
3724,68,31,1,241,2,2,3835,34,4,0,0,60270
3814,68,2,1,17,2,2,58,34,4,0,0,150097
8617,68,42,1,684,1,5,5486,32,2,0,0,105151
8933,68,51,6,855,8,3,3272,79,16,0,0,12008
10533,68,50,1,432,1,6,8944,12,3,0,0,106
11608,68,129,1,1847,1,15,16979,8,2,0,0,120869
21258,68,48,1,244,1,6,2153,18,2,0,0,265
21366,68,50,1,248,2,5,2185,53,4,0,0,7832
24806,68,158,2,840,2,9,352619,11,4,0,0,413
25258,68,302,2,1529,3,10,9995,33,6,0,0,3982
25339,68,5,1,21,2,3,64,24,4,0,0,510153
25495,68,16,1,47,1,2,165,11,2,0,0,118
26280,68,39,1,66,1,6,399,5,2,0,0,107
28904,68,64,1,281,1,5,2201,32,2,0,0,2125
30275,68,83,3,248,5,12,2453,65,10,0,0,59300
31951,68,21,1,221,1,2,1912,9,2,0,0,128609
34945,68,66,1,457,1,4,10920,20,2,0,0,635
35555,68,5,1,35,1,2,267,8,2,0,0,2508
35558,68,1,1,8,1,2,121,83,4,0,0,2508
36790,68,39,1,180,1,11,1158,5,2,0,0,2086
37801,68,65,1,1333,1,9,9275,10,2,0,0,62
37855,68,6,2,9,2,2,39,19,4,0,0,562
38132,68,7,1,35,1,2,237,93,3,0,0,39275
38213,68,5,1,46,2,3,295,31,8,0,0,55
39083,68,169,1,454,1,12,3271,5,2,0,0,379
39203,68,44,1,288,3,3,5882,104,9,0,0,287
40236,68,11,2,24,2,7,135,81,4,0,0,33876
40241,68,2,2,3,2,2,82,81,4,0,0,33876
40639,68,90,7,335,7,11,2184,98,14,0,0,730
40653,68,7,1,12,1,3,24,5,2,0,0,294
40876,68,25,7,65,7,3,346,98,14,0,0,445
40960,68,8,1,55,1,1,474,10,2,0,0,457
40990,68,6,1,12,1,3,839,7,2,0,0,653365
41190,68,155,1,603,1,3,4713,10,2,0,0,2055
41196,68,2,1,2,1,2,18,10,2,0,0,2055
41350,68,9,3,17,3,4,114,35,6,0,0,364
41472,68,195,1,453,1,4,17270,5,2,0,0,997
41887,68,196,1,338,1,5,13287,5,2,0,0,6317
42066,68,193,2,761,4,14,8516,141,14,0,0,723
42089,68,9,1,99,2,3,558,60,4,0,0,723
42185,68,24,6,206,13,3,1926,315,34,0,0,4844
42299,68,22,1,98,1,3,356,7,2,0,0,106
42319,68,62,2,245,2,10,2461,205,5,0,0,5747
42326,68,11,1,78,1,3,1121,9,2,0,0,5747
42328,68,5,2,23,2,4,1085,205,5,0,0,7697
42332,68,6,1,73,1,3,226,41,2,0,0,775868
42705,68,72,1,287,2,14,2679,56,4,0,0,2257
42709,68,2,1,21,2,3,240,56,4,0,0,154707
42848,68,29,3,99,4,2,1458,127,9,0,0,813
42854,68,2,2,23,3,2,158,121,7,0,0,813
42924,68,28,2,76,2,4,2233,352,10,0,0,8826
42928,68,2,2,28,2,3,394,352,10,0,0,273914
43166,68,13,1,44,1,2,446,12,2,0,0,1705
43264,68,36,1,134,1,8,1035,88,2,0,0,103
43939,68,11,1,42,1,3,181,6,2,0,0,124
44751,68,117,7,542,7,9,3710,46,14,0,0,55230
45217,68,4,1,18,1,2,222,188,5,0,0,8939
45479,68,221,13,1021,14,8,22974,161,28,0,0,5431
45757,68,51,3,70,3,6,258,20,6,0,0,11683
46113,68,14,4,24,4,2,350,26,8,0,0,2460
46159,68,25,2,50,2,5,151,10,4,0,0,18472
46219,68,17,1,84,1,4,663,14,2,0,0,61553
46238,68,55,1,159,2,6,1398,26,4,0,0,819
46367,68,2,1,3,1,3,16,5,2,0,0,11644
46482,68,32,3,505,10,3,1819,87,20,0,0,4057
46522,68,70,1,718,1,10,2780,13,2,0,0,28169
46898,68,137,2,717,2,9,25906,19,6,0,0,300
47035,68,86,1,468,1,7,23973,106,10,0,0,397118
47516,68,58,1,181,1,14,2371,49,2,0,0,217
47873,68,200,3,487,3,17,4379,54,7,0,0,2662
47959,68,190,1,379,2,11,2998,261,5,0,0,307
47970,68,13,2,21,2,4,53,20,4,0,0,178
48304,68,29,1,81,1,6,724,5,2,0,0,125
48612,68,144,1,195,1,6,2876,16,2,0,0,13198
48817,68,26,1,45,1,7,2777,5,2,0,0,24018
49411,68,219,1,588,1,15,10010,15,2,0,0,267
50251,68,1,1,6,2,2,327,280,4,0,0,1204
50252,68,1,1,2,1,3,19,17,2,0,0,24922
51105,68,79,1,402,1,5,2176,9,2,0,0,8719
52460,68,199,2,808,9,9,1846,82,19,0,0,450
52475,68,21,1,34,1,1,266,5,2,0,0,169
54171,68,44,1,219,1,4,1007,11,2,0,0,414
54332,68,65,1,144,1,6,7626,8,2,0,0,201
55887,68,70,3,186,8,8,1270,112,16,0,0,7202
55890,68,5,2,35,6,3,294,83,12,0,0,7769
55959,68,30,1,427,8,9,750,40,16,0,0,64
55990,68,8,1,26,1,3,136,36,2,0,0,119
56092,68,129,2,754,2,20,13757,235,4,0,0,154
56096,68,2,2,6,2,1,241,235,4,0,0,154
56137,68,150,1,834,2,22,14240,64,10,0,0,1068
56145,68,5,1,36,2,3,243,64,10,0,0,1068
56375,68,69,1,481,9,11,2565,130,24,0,11.1111111111111,1753
56952,68,593,4,2709,6,49,60854,38,12,0,0,283
57466,68,37,1,65,2,7,217,10,4,0,0,120
57978,68,1,1,1,1,2,5,5,2,0,0,301265
58457,68,169,4,276,4,7,1741,32,8,0,0,65798
58468,68,3,1,5,1,4,22,5,2,0,0,34371
59136,68,228,1,456,1,6,5988,375,2,0,0,175537
59489,68,588,3,3515,3,46,24481,75,6,0,0,269
79677,68,76,1,139,1,7,595,5,2,0,0,68
79975,68,32,1,43,1,4,150,5,2,0,0,63566
80123,68,51,2,62,2,3,439,10,4,0,0,771
80316,68,71,1,205,1,11,1093,5,2,0,0,12903
106983,68,1,1,9,1,2,30,14,2,0,0,200
115934,68,62,1,143,1,2,354,5,2,0,0,244415
10056,16,39,1,81,5,12,1369,34,10,0,0,141955
11154,16,140,1,646,1,30,10570,36,2,0,0,644
11607,44,10,1,580,1,3,3303,9,2,0,0,1676
11955,44,6,2,30,2,2,118,38,4,0,0,11632
11963,44,7,1,29,1,2,94,15,2,0,0,112
17178,44,12,1,23,1,2,68,5,2,0,0,39522
17762,44,88,1,100,1,8,37361,191,10,0,0,69265
18040,44,1,1,9,1,3,15,6,2,0,0,56349
18131,44,1,1,11,1,2,35,11,2,0,0,78
18151,44,1,1,6,2,3,20,14,4,0,0,1140
18250,44,1,1,7,1,5,11,5,2,0,0,9777
18335,44,2,1,9,1,3,50,18,2,0,0,3963
18343,44,1,1,8,1,3,30,11,2,0,0,44989
18418,44,1,1,6,1,4,11,5,2,0,0,57
18521,44,2,1,15,3,4,87,73,6,0,0,1492
18625,44,2,1,14,3,2,100,59,6,0,0,1196
18634,44,1,1,11,1,2,19,5,2,0,0,2930
18800,44,2,1,24,1,4,38,6,2,0,0,261
18817,44,1,1,7,1,1,20,9,2,0,0,53213
18847,44,4,1,23,1,4,55,12,2,0,0,406
18908,44,3,1,6,1,4,55,49,2,0,0,3736
18909,44,3,1,6,1,4,69,63,2,0,0,18417
19322,44,3,1,7,1,3,11,5,2,0,0,4223
19934,44,2,1,6,1,4,10,5,2,0,0,1243
19987,44,3,1,16,1,4,22,5,2,0,0,2649
21370,44,1,1,35,1,2,68,16,2,0,0,29
22560,44,9,1,21,1,10,123,5,2,0,0,674
22597,44,1,1,7,1,3,11,5,2,0,0,53
22658,44,14,1,41,1,5,213,5,2,0,0,556
24725,44,14,1,17,1,2,2010,45,2,0,0,11902
25861,44,11,1,51,1,8,115,5,2,0,0,5369
28804,44,43,1,292,1,12,2504,78,2,0,0,6934
29168,44,26,1,84,1,14,523,83,2,0,0,3997
29225,44,34,1,133,1,14,4197,17,2,0,0,7962
34508,44,13,1,67,1,9,433,5,2,0,0,24452
108587,44,55,2,109,3,7,2315,21,6,0,0,459
111803,44,738,1,1822,1,72,111047,91,2,0,0,109412
113710,44,61,1,3176,1,3,12680,7,2,0,0,17003
115296,44,187,1,4481,1,20,23337,82,2,0,0,23824
116296,44,24,1,136,1,4,1060,7,2,0,0,23865
142079,44,131,2,3785,3,7,15244,59,6,0,0,213510
1875,52,4,1,29,1,3,202,60,56,0,0,101516
3265,52,6,1,18,1,2,174,81,63,0,0,42855
3316,52,6,1,23,1,2,182,81,63,0,0,368
4946,52,17,1,180,1,3,366,5,2,0,0,1964
5162,52,7,1,20,1,2,123,5,2,0,0,38439
5773,52,13,1,106,1,6,659,5,2,0,0,639
6263,52,10,1,21,1,4,139,5,2,0,0,10296
6373,52,7,1,36,1,2,126,5,2,0,0,383
6585,52,2,1,10,1,3,31,5,2,0,0,417
7142,52,28,1,198,1,11,1960,5,2,0,0,6402
8409,52,11,1,95,1,5,369,5,2,0,0,102
8492,52,4,1,13,2,1,74,12,104,0,0,78
8508,52,4,1,12,2,1,37,12,104,0,0,56
8882,52,18,1,209,2,3,3760,269,4,0,0,676
10230,52,1,1,3,1,1,17,11,3,0,0,399
10781,52,36,1,594,1,19,1795,7,2,0,0,569
3425,53,59,1,310,1,2,9959,46,2,0,0,3423
3609,53,11,1,67,1,1,537,7,2,0,0,201
10404,53,77,2,302,2,1,3200,94,4,0,0,1165
10798,53,855,5,1496,5,2,65913,46,10,0,0,87035
10876,53,107,1,459,1,1,1671,21,2,0,0,8513
13514,53,57,6,270,6,1,993,30,12,0,0,311
13563,53,134,1,155,4,1,222,23,8,0,0,3751
13757,53,35,2,127,2,1,346,14,4,0,0,74277
13880,53,48,4,462,6,1,3122,34,88,0,0,57421
17558,53,815,9,10638,19,3,237789,243,38,0,0,20915
20344,53,130,82,1141,82,2,5234,446,164,0,0,208614
20697,53,203,41,518,41,4,25257,217,82,0,0,166
20911,53,130,84,741,85,1,8517,594,170,0,0,17543
21565,53,253,86,2487,91,8,12097,1675,182,0,0,3889
21736,53,249,5,1890,5,7,19427,55,10,0,0,3514
21910,53,159,3,4209,13,1,46535,1059,26,0,7.69230769230769,73
22153,53,127,1,598,1,1,17814,17,2,0,0,86751
22258,53,131,80,1620,80,3,39143,436,232,0,0,59756
22528,53,303,42,825,42,1,67647,222,120,0,0,151
23071,53,291,1,2978,1,1,91110,74,2,0,0,954
23504,53,139,25,425,25,3,1301,125,50,0,0,4004
23683,53,136,1,450,1,1,1096,13,2,0,0,2079
24492,53,86,47,694,50,1,2134,362,100,0,0,48
24710,53,81,47,541,47,1,2795,281,154,0,0,96
24909,53,114,3,589,3,1,1695,41,8,0,0,75
27215,53,166,2,3183,2,11,46032,91,4,0,0,417711
46528,53,164,2,1023,2,11,3178,28,186,0,0,2236485
75202,53,188,1,5129,1,28,20183,7,2,0,0,580955
97961,53,1,1,6,1,2,22,13,2,0,0,145
98987,53,141,1,1534,1,3,10392,195,2,0,100,172
99834,53,15,1,119,1,3,4345,17,2,0,0,909
99854,53,38,1,49,1,3,3151,17,2,0,0,127
100165,53,145,1,882,1,3,4341,30,2,0,0,503
100182,53,135,1,335,1,2,875,30,2,0,0,1599
100240,53,112,1,172,1,1,205,12,2,0,0,683405
2851,50,3,1,3,1,2,21,17,2,0,0,157
3561,50,13,1,43,2,4,549,20,4,0,0,17415
3968,50,11,2,23,2,2,1242,18,4,0,0,6465
4305,50,11,1,22,1,3,111,5,2,0,0,529581
6456,50,11,1,19,1,3,661,12,2,0,0,337
6488,50,2,1,4,1,2,90,7,2,0,0,181018
6506,50,1,1,3,1,2,15,11,2,0,0,5726
6510,50,1,1,1,1,2,7,7,2,0,0,207
6838,50,6,2,37,2,10,696,229,8,0,0,23668
6867,50,7,2,46,7,6,433,80,14,0,0,52560
6876,50,2,1,6,1,1,22,15,2,0,0,186
6884,50,1,1,2,1,1,16,15,2,0,0,588
6995,50,2,1,4,1,1,17,14,4,0,0,93
7093,50,6,1,28,1,8,158,5,2,0,0,347
7098,50,1,1,3,1,1,7,5,2,0,0,117
83378,50,1,1,1,1,1,25,25,2,0,0,110718
83380,50,11,5,80,6,4,279,87,14,0,0,28382
83401,58,10,1,38,1,1,176,5,2,0,0,255
90596,58,4,1,15,1,2,64,26,3,0,0,55077
90803,58,17,1,55,2,1,368,12,4,0,0,314
90949,58,33,3,112,4,2,1532,56,8,0,0,761
90977,58,23,1,52,1,3,331,23,2,0,0,70589
91494,58,97,1,351,2,8,2030,14,4,0,0,178239
2010,45,22,1,35,1,2,310,33,4,0,0,386
2237,45,4,1,11,1,2,62,13,2,0,0,1291
2997,45,16,1,43,1,2,145,13,2,0,0,54462
3209,45,26,1,67,1,3,933,44,2,0,0,2647
5622,45,132,1,1029,1,2,2509,21,2,0,0,835
24598,25,1600,1,2994,1,9,410875,5,2,0,0,552
40401,25,137,4,440,6,15,3096,57,12,0,0,21292
54666,25,214,2,536,2,11,9523,17,4,0,0,85951
56778,25,346,1,1212,1,17,28770,13,2,0,0,18431
85352,25,2,1,58,1,2,1027,38,2,0,0,7437
85679,25,222,1,1092,4,11,31796,37,8,0,0,122777
86042,25,480,1,1865,1,14,29886,7,2,0,0,11520
86341,25,100,1,748,1,7,2063,7,2,0,0,446
114167,25,334,1,1553,1,27,21239,7,2,0,0,1144
116584,25,171,1,437,1,32,3874,10,2,0,0,960
118490,25,1649,432,44144,4244,12,370126,62301,9104,0,1.57030692362598,57991
124624,25,139,4,579,4,10,7539,959,6,0,0,1933
129004,25,112,2,435,2,6,3910,972,2,0,0,6483
131622,25,1872,3,8453,3,28,105913,2271,2,0,0,5155
132757,25,285,4,489,4,9,41406,2433,20,0,0,1897
133180,25,1724,2,3949,2,23,170262,20,2,0,0,179533
92093,35,8,1,11,1,1,81,21,2,0,0,291
92101,35,6,1,8,1,1,50,25,2,0,0,73
92429,35,17,1,43,1,1,203,34,2,0,0,58
92544,35,32,1,75,1,2,285,46,2,0,0,82
92646,35,4,1,8,1,2,76,5,2,0,0,46
93139,35,5,1,12,3,5,50,32,6,0,0,151
93144,35,25,1,58,3,15,584,38,6,0,0,328
93151,35,28,1,63,3,15,652,38,6,0,0,444
93172,35,1,1,4,1,1,10,6,2,0,0,80
1706,67,5,1,28,1,2,83,7,2,0,0,41
67374,20,86,1,173,2,26,2234,141,4,0,0,109373
68139,20,99,1,243,1,28,1690,7,2,0,0,953150
69466,20,164,22,733,53,65,10634,1715,132,0,5.66037735849057,91315
69537,20,17,1,62,1,5,186,7,2,0,0,184
69925,20,19,1,46,1,11,340,7,2,0,0,253
90903,20,210,37,831,82,123,7665,1430,185,0,1.21951219512195,975
91176,20,95,8,403,13,57,2676,470,26,0,0,668
5526,17,93,7,3706,12,10,30895,225,24,0,0,40027
27259,17,2948,1,3921,1,28,215005,30,2,0,0,874
56516,17,73,1,708,1,14,2068,5,2,0,0,2284
60794,17,11,1,14,1,7,104,10,2,0,0,561
61166,17,21,1,62,2,8,5481,18,4,0,0,462
65575,17,19,1,37,1,9,1418,9,2,0,0,969
65731,17,21,1,43,1,3,308,5,2,0,0,2034
12085,61,1,1,13,1,2,47,6,2,0,0,175
12140,61,12,1,129,1,15,794,11,2,0,0,272534
12330,61,10,3,217,5,10,1202,179,11,0,0,16897
12417,61,16,1,156,1,2,2842,9,2,0,0,1796
12479,61,7,1,65,1,2,511,267,9,0,0,219
12610,61,6,1,32,1,1,107,7,2,0,0,588
12949,61,4,1,25,2,2,108,23,4,0,0,223
13116,61,19,1,59,1,3,2618,5,2,0,0,79746
13312,61,34,4,221,10,3,2404,121,21,0,0,5214
13942,61,47,1,399,1,4,4090,8,2,0,0,155
14059,61,25,1,117,1,1,1721,10,2,0,0,710
14442,61,2,1,3,1,1,18,5,2,0,0,246
14466,61,72,3,1244,28,10,12059,690,132,0,0,125135
14848,61,107,10,271,16,39,47877,1084,35,0,0,2012
14970,61,19,1,57,1,6,509,5,2,0,0,1601
15214,61,45,1,652,1,9,4283,49,2,0,0,6277
15368,61,1,1,1,1,1,5,5,2,0,0,2193
15599,61,2,1,12,4,1,36,28,8,0,0,980
15622,61,20,2,519,2,3,992,45,4,0,50,139
15661,61,23,1,530,2,2,1304,12,4,0,0,8592
16084,61,147,2,1076,3,13,14384,71,6,0,0,106692
2450,42,17,1,84,1,1,188,5,2,0,0,308
3624,42,98,2,214,3,8,1402,18,6,0,0,78
6965,42,37,1,59,1,10,216,6,2,0,0,1183
13253,42,8,1,20,1,7,117,7,2,0,0,18677
15414,42,276,1,623,1,13,2850,18,5,0,0,230073
21608,42,99,1,288,3,14,1641,34,6,0,0,17746
22352,42,39,1,187,2,9,1208,142,6,0,0,31630
22472,42,412,1,1460,2,48,11047,14,4,0,0,39005
22566,42,1033,1,3116,1,114,29389,5,2,0,0,2143
23061,42,104,2,161,2,4,1102,10,4,0,0,1771
23797,42,383,1,1028,1,31,6886,42,3,0,0,35291
69569,42,102,13,232,16,11,1162,253,32,0,0,2560
69596,42,69,1,199,2,1,988,34,4,0,0,216
71288,42,148,1,444,1,5,2022,5,2,0,0,308
83891,42,487,33,1748,51,14,13652,564,102,0,0,10317
84326,42,460,1,3806,1,7,19350,48,2,0,0,5885
84426,42,118,1,242,1,14,1152,54,2,0,0,82
84446,42,89,1,386,1,6,1369,7,2,0,0,23765
97581,42,323,1,1578,2,17,11595,12,4,0,0,30646
2062,68,3,1,14,1,3,40,14,3,0,0,8268
2110,68,5,1,29,1,3,334,13,2,0,0,1519
3613,30,66,1,572,5,13,8694,234,11,0,0,2902
6284,30,245,6,1811,12,26,34388,202,27,0,0,3842934
14563,30,27,1,173,1,10,1675,5,2,0,0,7303
18328,30,119,3,3295,28,12,10131,278,68,0,0,451
2329,84,86,2,193,4,3,17061,89,9,0,0,148
2513,84,3,1,54,3,2,856,89,6,0,0,210
2859,84,97,1,175,1,2,44035,37,4,0,0,22
3075,84,32,1,81,1,2,2708,48,7,0,0,60
3514,84,6,1,28,2,2,7649,20,4,0,0,47
3656,84,47,1,1043,2,2,26735,92,4,0,0,3134
4432,84,14,1,442,2,2,827,40,4,0,0,48
4830,84,7,3,322,3,2,2842,60,6,0,0,56
4997,84,18,1,204,2,2,3500,422,20,0,0,25
5236,84,8,2,206,2,2,614,34,4,0,0,103
5336,84,32,2,841,2,2,7940,920,4,0,0,459
5672,84,16,1,50,1,2,219,5,2,0,0,119
5960,84,4,1,79,1,3,5859,37,2,0,0,15
12714,84,64,2,423,3,5,5869,40,6,0,0,176
13993,84,39,3,504,4,4,2157,20,8,0,0,566
14077,84,57,6,195,10,3,5279,93,124,0,0,4982
14147,84,18,2,61,2,2,362,14,108,0,0,61
14291,84,8,2,13,2,3,39,14,124,0,0,265
14312,84,14,2,35,2,2,158,14,124,0,0,17
14335,84,6,1,22,1,2,123,7,52,0,0,444
14359,84,16,2,61,2,2,318,16,124,0,0,56
14470,84,20,1,68,1,2,493,9,72,0,0,1394
14910,84,22,1,42,1,2,90,8,2,0,0,31
14933,84,56,1,215,3,4,779,43,6,0,0,393
14949,84,6,1,32,1,2,92,5,2,0,0,171
15900,84,48,1,73,1,7,275,18,2,0,0,97
17554,84,103,1,4574,1,8,30661,19,2,0,0,2670
21499,84,192,1,11305,1,20,74960,78,12,0,0,7247688
24851,84,173,1,9379,1,29,73308,13,2,0,0,45789
27210,84,19,1,47,1,2,13895,9,2,0,0,74
27217,84,23,1,90,2,2,1067,18,4,0,0,279
27662,84,16,1,21,1,2,89,24,2,0,0,184
27678,84,5,1,7,1,3,46,8,2,0,0,2687
27687,84,27,2,98,4,5,415,38,8,0,0,1067
40536,84,169,1,6889,1,68,47818,5,2,0,0,1038
40709,84,8,1,43,1,2,362,64,2,0,0,91
40719,84,38,1,124,1,3,205,19,2,0,0,334
43380,84,45,1,2229,1,3,22551,5,2,0,0,15479
44304,84,7,1,32,1,3,163,10,2,0,0,284
44356,84,13,1,24,1,4,64,5,2,0,0,244
76449,84,14,1,138,1,5,4072,5,2,0,0,8263
2073,88,4,1,11,1,3,92,22,2,0,0,3700
4357,88,29,1,67,2,17,2318,14,4,0,0,11273
4982,88,25,1,66,1,8,1845,25,2,0,0,591323
5066,88,27,1,73,1,10,1903,26,2,0,0,18760
12291,88,66,1,308,1,28,2701,5,2,0,0,244
13250,88,10,2,15,2,4,236,42,4,0,0,220207
83504,88,9,1,16,1,2,122,8,2,0,0,369
83515,88,6,1,40,1,3,179,5,2,0,0,2075
83519,88,18,1,55,1,9,529,5,2,0,0,149588
83531,88,5,1,13,1,2,63,28,2,0,0,20424
83543,88,29,1,115,1,7,982,8,2,0,0,1293923
83546,88,35,1,168,1,13,1557,9,2,0,0,36601
83555,88,5,1,7,1,3,65,7,2,0,0,1154
93638,88,1,1,1,1,2,6,6,2,0,0,70
95326,88,18,1,78,1,2,233,7,2,0,100,1088
97309,88,7,1,12,1,3,16,5,2,0,0,2682
98083,88,2,1,3,1,2,9,5,2,0,0,3656
98440,88,12,2,58,13,2,251,107,26,0,0,917
4841,57,20,1,64,1,1,83,7,2,0,0,935
4938,57,32,2,323,2,4,627,15,4,0,0,143
5545,57,17,1,58,1,16,335,24,3,0,0,674345
13140,57,138,1,742,1,50,10518,11,2,0,0,175
13742,57,1,1,1,1,1,5,5,2,0,0,115
15003,57,37,1,825,1,21,2755,39,2,0,0,146
83589,57,4,2,37,8,1,350,135,22,0,62.5,214
95431,57,6,1,11,1,3,25,5,2,0,0,1104
26396,38,5,1,32,1,6,113,22,2,0,0,572
26411,38,7,1,34,1,10,416,294,19,0,0,1929
26593,38,7,1,131,1,2,378,10,2,0,0,299
26734,38,2,2,4,2,1,79,48,4,0,0,296
26763,38,2,1,4,1,2,95,5,2,0,0,91207
26866,38,3,1,23,1,3,105,14,2,0,0,544
26882,38,5,1,33,1,4,170,23,2,0,0,694092
26894,38,5,2,191,2,4,288,19,4,0,0,350
26915,38,6,1,25,1,4,217,32,2,0,0,936
26994,38,11,1,53,2,6,307,21,4,0,0,138524
27080,38,3,1,166,2,2,274,37,4,0,0,90
27256,38,67,1,75,1,2,9926,4676,53,0,0,369
27265,38,3,1,9,1,1,44,5,2,0,0,56
27317,38,5,1,8,1,2,77,18,2,0,0,1059
28978,38,62,1,252,1,9,1870,60,13,0,0,7973
29199,38,76,1,204,1,6,1112,27,6,0,0,677
29705,38,28,1,212,1,4,559,8,2,0,0,247
29760,38,58,1,416,1,6,1852,124,12,0,0,612
29812,38,2,1,4,1,1,14,5,2,0,100,234
29985,38,3,1,22,1,2,169,32,2,0,0,58
35232,38,165,1,825,1,24,7820,5,2,0,0,9401
43169,38,230,1,1109,1,37,9968,5,2,0,0,2840
46346,38,301,1,2029,1,41,12324,6,2,0,0,674
26195,49,23,1,32,1,4,360,6,2,0,0,596
31731,49,7,1,16,1,3,94,7,2,0,100,11879
31770,49,11,2,18,2,1,66,10,4,0,0,589
29519,65,403,1,1609,1,39,5170,9,2,0,0,125111
37757,65,201,1,863,1,18,3156,13,2,0,0,6822
39323,65,476,1,1941,1,40,18457,6,2,0,0,21358
42015,65,393,1,1568,1,57,10506,6,2,0,0,49626
57706,65,439,3,1216,3,49,5183,87,6,0,0,2573
57848,65,67,2,195,2,11,1014,14,4,0,0,1738
83660,65,167,13,704,24,4,10991,306,53,0,8.33333333333333,27941
83691,65,20,1,61,1,3,541,8,2,0,100,76057
83819,65,13,1,90,2,3,230,31,4,0,0,448
83828,65,27,1,128,3,3,381,100,6,0,0,340
83833,65,13,1,220,1,2,426,29,2,0,0,18814
30527,80,4,1,57,2,3,321,18,4,0,0,197
30941,80,2,1,4,1,1,11,6,2,0,0,67
31047,80,12,1,102,2,6,674,18,4,0,0,451
31355,80,19,1,142,2,2,1281,17,4,0,0,169077
31430,80,27,1,151,1,5,2858,5,2,0,0,301
32269,80,9,1,25,1,2,110,18,2,0,0,565
35992,80,2,1,5,1,2,38,23,2,0,0,1948
37222,80,50,1,232,1,14,3681,74,3,0,0,1984
92451,80,50,3,151,3,25,1327,17,2,0,0,1438
30544,64,9,1,78,1,2,296,6,2,0,0,67
33674,64,28,1,88,1,3,172,29,2,0,0,21258
30344,31,1,1,1,1,6,77,77,2,0,0,2719
30444,31,1,1,7,1,8,38,12,2,0,0,2861
30813,31,1,1,25,1,27,54,5,2,0,0,196
30826,31,1,1,25,1,28,55,5,2,0,0,75
30895,31,1,1,28,1,33,61,5,2,0,0,1975
31105,31,1,1,16,1,13,27,6,2,0,0,123
31119,31,1,1,20,1,18,36,7,2,0,0,143
31188,31,1,1,9,1,2,23,9,2,0,0,43
31191,31,1,1,23,1,19,54,6,2,0,0,87
31196,31,1,1,35,1,45,94,22,2,0,0,123
31203,31,1,1,38,1,63,125,22,2,0,0,77
31208,31,1,1,37,1,49,100,23,2,0,0,346
31914,31,1,1,3,1,2,9,7,2,0,0,141
33323,31,9,1,60,1,33,2639,11,2,0,0,19120
33554,31,8,1,386,1,20,1120,5,2,0,0,767
66073,31,4,1,60,1,4,346,5,2,0,0,425
66100,31,4,1,66,1,7,391,6,2,0,0,4446
83807,31,7,1,20,1,2,266,5,2,0,0,83
32809,78,3,1,17,1,2,104,25,6,0,0,2843
32988,78,15,1,44,1,1,266,59,38,0,0,571
33028,78,6,1,21,1,1,241,75,108,0,0,119
33118,78,14,1,94,1,1,405,79,76,0,0,128
31150,64,11,1,57,1,6,997,6,2,0,0,731
32239,64,35,1,394,1,2,19961,96,2,0,0,256
32732,64,42,3,997,7,1,12137,93,14,0,0,326935
33345,64,18,1,29,1,6,833,447,12,0,0,59391
33396,64,13,1,63,2,2,203,12,4,0,0,220
33571,64,11,2,36,3,2,336,25,6,0,0,435
34040,64,110,1,1297,1,3,18517,7,2,0,0,66562
34245,64,9,1,25,1,1,62,12,2,0,0,37171
48870,64,5,1,7,2,2,24,17,4,0,0,625
52631,64,14,1,52,1,2,428,36,2,0,0,406
54246,64,11,1,49,1,2,419,21,2,0,0,671
54270,64,82,1,241,1,2,4717,6,2,0,0,3354
54465,64,23,2,154,4,1,710,32,8,0,0,601
54543,64,27,1,140,1,1,1281,12,2,0,0,211
54565,64,42,3,135,3,2,755,63,6,0,0,41805
58067,64,278,6,586,10,4,35621,630,26,0,0,21798
58819,64,14,1,22,1,2,212,15,2,0,0,4902
62654,64,926,2,1072,6,3,134234,56,14,0,0,2485
62660,64,113,1,255,4,3,14112,46,10,0,0,2485
62680,64,23,1,128,1,2,1306,61,7,0,0,2907
62682,64,21,1,126,1,2,1210,61,7,0,0,2907
62684,64,23,1,128,1,2,1306,61,7,0,0,2907
62687,64,21,1,126,1,2,1210,61,7,0,0,2907
62730,64,94,12,374,27,2,17718,305,54,0,0,749
62733,64,78,12,358,27,2,4418,305,54,0,0,749
62743,64,25,1,80,1,2,822,13,2,0,0,1243
62744,64,24,1,79,1,2,821,13,2,0,0,1243
62765,64,1,1,3,2,2,19,16,4,0,0,474
62766,64,1,1,3,2,2,19,16,4,0,0,474
62849,64,7,1,30,1,2,190,7,2,0,0,966
63027,64,156,5,888,6,3,7585,74,12,0,0,1687
63030,64,157,5,891,6,3,7590,74,12,0,0,1687
63085,64,67,3,636,6,3,2680,114,12,0,0,53377
63090,64,67,3,636,6,3,2680,114,12,0,0,53377
63099,64,9,1,36,1,2,149,6,2,0,0,77
63100,64,9,1,36,1,2,149,6,2,0,0,77
63102,64,14,1,81,1,2,393,52,5,0,0,102
63103,64,14,1,81,1,2,393,52,5,0,0,102
63118,64,15,1,70,1,2,338,11,2,0,0,369
63119,64,15,1,70,1,2,338,11,2,0,0,369
63120,64,6,2,50,2,2,116,22,4,0,0,810
63121,64,6,2,50,2,2,116,22,4,0,0,810
63131,64,10,1,51,1,1,145,7,2,0,0,125
63133,64,10,1,51,1,1,145,7,2,0,0,125
63136,64,17,1,69,1,2,480,16,2,0,0,344
63137,64,17,1,69,1,2,480,16,2,0,0,344
63143,64,75,3,327,5,3,5400,116,13,0,20,2440
63146,64,75,3,327,5,3,5400,116,13,0,20,2440
63208,64,40,2,226,2,2,1044,49,4,0,0,966
63210,64,40,2,226,2,2,1044,49,4,0,0,966
63296,64,1,1,1,1,1,5,5,2,0,0,68
63312,64,2,1,4,1,1,11,5,2,0,0,85
63324,64,120,2,345,2,3,11371,12,4,0,0,355
63329,64,22,1,101,2,2,522,15,4,0,0,76
63334,64,36,2,137,3,1,1107,49,6,0,0,514
63337,64,35,2,167,3,2,1052,15,6,0,0,37173
63417,64,27,2,104,2,7,784,62,6,0,0,74113
63433,64,38,1,184,3,3,2866,15,6,0,0,476
63474,64,223,2,307,2,2,32943,40,4,0,0,48331
63508,64,37,1,158,1,3,1251,7,2,0,0,264
63532,64,69,1,326,3,4,1611,54,6,0,0,19172
63551,64,27,1,59,1,3,655,9,2,0,0,1828
63590,64,3,1,9,1,2,13,5,2,0,0,361
63650,64,1,1,2,1,1,6,5,2,0,0,69
63711,64,27,3,127,3,2,607,32,6,0,0,89942
63726,64,15,1,70,1,2,486,8,2,0,0,381
97139,64,8,1,19,1,2,60,7,2,0,0,243
97314,64,94,2,410,3,2,3293,60,7,0,0,1141
97334,64,94,2,410,3,2,3293,60,7,0,0,1141
97556,64,28,1,119,1,2,717,8,2,0,0,1377397
32473,76,1,1,60,1,57,142,7,2,0,0,203
84032,29,13,1,85,1,11,143,5,2,0,0,25786
120345,82,61,2,523,3,6,3769,74,14,0,0,1074
120731,82,1,1,3,1,1,7,5,2,0,0,241
121183,82,102,1,958,1,5,4802,5,2,0,0,720
123474,82,1,1,1,1,2,5,5,2,0,0,93
123481,82,3,1,5,1,7,14,9,2,0,0,256
123484,82,3,1,4,1,2,18,6,2,0,0,2070
123491,82,1,1,1,1,2,5,5,2,0,0,133
123504,82,1,1,1,1,2,5,5,2,0,0,579
123505,82,1,1,1,1,3,6,6,2,0,0,39
123511,82,12,1,42,1,10,229,9,2,0,0,57
123542,82,5,1,10,1,11,26,9,2,0,0,83855
123563,82,9,1,18,1,4,179,5,2,0,0,529
123566,82,16,1,25,1,5,460,6,2,0,0,39
123628,82,295,1,985,2,24,7195,10,4,0,0,21823
102301,69,1,1,26,1,2,138,13,2,0,0,871
102456,69,20,2,81,3,4,178,18,6,0,0,2400
103251,69,42,1,147,1,14,2073,9,2,0,0,280707
104987,69,53,6,509,12,12,4219,299,36,0,0,6346
105158,69,26,1,105,1,8,1487,339,18,0,0,3174
105357,69,44,2,220,2,11,2181,488,9,0,0,21404
106179,69,9,1,20,1,2,83,25,2,0,0,1694
106566,69,9,1,30,1,4,164,10,2,0,0,1130
106910,69,97,5,951,9,14,13387,1385,67,0,11.1111111111111,1682
106991,69,12,1,46,1,10,186,7,2,0,0,100
107447,69,60,1,853,1,7,2086,10,2,0,0,2728
107744,69,39,3,260,3,2,5635,46,6,0,0,916
107804,69,23,1,388,7,1,1689,48,14,0,0,153
107896,69,16,1,72,1,1,158,10,2,0,0,99
107926,69,1,1,3,1,1,13,9,2,0,0,1038
107983,69,56,1,281,1,7,619,18,2,0,0,308
108014,69,5,1,7,1,3,31,7,2,0,0,19282
108017,69,2,1,5,1,1,60,7,2,0,0,47
108535,69,169,2,2924,3,27,19376,15,6,0,0,621
109186,69,22,2,91,4,8,345,84,8,0,0,677
109286,69,4,1,34,1,1,175,29,2,0,0,111
102290,2,4,1,10,1,6,70,7,2,0,0,1310
102295,2,4,1,12,1,7,129,109,2,0,0,681
102314,2,7,1,20,1,13,193,13,2,0,0,3173
102337,2,2,1,9,1,5,14,5,2,0,0,1823
102466,2,3,1,5,1,4,11,7,2,0,0,7906
102471,2,4,1,8,1,6,16,7,2,0,0,9648
102498,2,5,1,15,1,9,80,5,2,0,0,97
102502,2,5,1,16,1,10,79,5,2,0,0,195
102525,2,8,1,30,1,14,123,9,2,0,0,222
102546,2,8,1,30,1,15,123,9,2,0,0,309
102775,2,18,1,72,1,33,595,5,2,0,0,2882
102832,2,18,1,72,1,35,608,8,2,0,0,242
102846,2,18,1,67,1,36,694,104,2,0,0,418
102917,2,13,1,53,1,21,554,23,2,0,0,479
102968,2,1,1,1,1,3,22,22,2,0,0,162
103022,2,5,1,40,1,6,151,9,2,0,0,154
103294,2,7,1,16,1,8,74,5,2,0,0,473
103498,2,7,1,18,1,6,95,6,2,0,0,208
103585,2,6,1,16,1,6,73,8,2,0,0,39
103740,2,11,1,26,1,2,170,12,2,0,0,260
103848,2,3,1,3,1,4,32,29,2,0,0,67
103852,2,4,1,9,1,6,40,29,2,0,0,315
103854,2,3,1,5,1,4,34,29,2,0,0,195
103862,2,3,1,5,1,5,136,30,2,0,0,127
104264,2,34,1,115,1,24,4184,38,2,0,0,2496
104367,2,2,1,9,1,4,16,5,2,0,0,100
104371,2,3,1,12,2,6,69,19,4,0,0,61
104382,2,4,1,16,1,10,64,9,2,0,0,352
104392,2,5,1,24,1,12,82,9,2,0,0,166
104416,2,30,1,102,1,29,3957,13,2,0,0,78
104441,2,31,1,103,1,29,4013,17,2,0,0,105
104445,2,1,1,3,1,2,10,7,2,0,0,150
104490,2,5,1,31,1,8,53,6,2,0,0,183
104494,2,5,1,31,1,9,54,7,2,0,0,42
104496,2,1,1,1,1,2,12,12,2,0,0,353
104505,2,1,1,1,1,2,13,13,2,0,0,465
104509,2,1,1,2,1,2,14,13,2,0,0,211
104536,2,2,1,5,1,3,9,5,2,0,0,72
104538,2,2,1,5,1,4,14,10,2,0,0,38
104542,2,2,1,6,1,6,21,16,2,0,0,86
104553,2,3,1,9,1,4,24,7,2,0,0,3526
104567,2,2,1,4,1,3,10,7,2,0,0,119
104573,2,3,1,6,1,5,19,9,2,0,0,58
104580,2,3,1,6,1,7,19,9,2,0,0,46
104585,2,4,1,10,1,9,39,11,2,0,0,71
104600,2,1,1,1,1,2,5,5,2,0,0,63
104623,2,3,1,8,1,7,17,8,2,0,0,27
104633,2,2,1,3,1,3,7,5,2,0,0,41
104636,2,3,1,17,1,5,32,6,2,0,0,46
104649,2,4,1,18,1,7,84,7,2,0,0,90
104654,2,4,1,18,1,8,85,8,2,0,0,42
104659,2,4,1,18,1,9,88,11,2,0,0,50
104666,2,4,1,19,1,10,88,9,2,0,0,83
104686,2,5,1,20,1,14,104,15,2,0,0,175
104694,2,1,1,1,1,2,5,5,2,0,0,131
104696,2,1,1,1,1,2,7,7,2,0,0,33
104714,2,3,1,5,1,6,12,8,2,0,0,91
104735,2,2,1,11,1,3,31,8,2,0,0,48
104743,2,2,1,2,1,3,8,7,2,0,0,31
104747,2,2,1,3,1,5,16,14,2,0,0,78
104759,2,9,1,45,1,26,270,11,2,0,0,656
104764,2,1,1,1,1,2,5,5,2,0,0,43
104766,2,1,1,5,1,3,17,6,2,0,0,36
104794,2,2,1,14,1,10,40,6,2,0,0,156
104801,2,2,1,2,1,3,28,6,2,0,0,42
104894,2,5,1,13,1,6,21,8,2,0,0,66
104919,2,1,1,2,1,3,6,5,2,0,0,1427
104920,2,6,1,30,1,10,141,11,2,0,0,336
104984,2,4,1,4,1,5,12,6,2,0,0,49
104986,2,4,1,5,1,6,12,5,2,0,0,112
105008,2,6,1,8,1,7,16,5,2,0,0,68
105012,2,6,1,9,1,9,24,6,2,0,0,66
105017,2,6,1,9,1,10,27,9,2,0,0,58
105020,2,6,1,9,1,11,28,10,2,0,0,197
105210,2,11,1,45,1,42,229,20,2,0,0,209
105225,2,5,1,8,1,5,14,6,2,0,0,63
105227,2,5,1,8,1,5,14,6,2,0,0,70
105231,2,5,1,11,1,8,23,10,2,0,0,158
105296,2,11,1,12,1,6,31,19,2,0,0,52
105318,2,17,1,52,1,31,100,11,2,0,0,223
105327,2,13,1,16,1,9,61,12,2,0,0,47
105339,2,14,1,17,1,10,64,6,2,0,0,184
105415,2,3,1,6,1,5,11,6,2,0,0,45
105428,2,10,1,21,1,13,159,6,2,0,0,500
105563,2,27,1,107,2,94,600,26,4,0,0,3652
105844,2,11,1,21,1,9,38,7,2,0,0,2374
105847,2,11,1,21,1,10,38,7,2,0,0,42
105879,2,7,1,10,1,6,125,5,2,0,0,30
106151,2,4,1,8,1,9,19,9,2,0,0,42
106164,2,5,1,9,1,11,23,11,2,0,0,1351
106226,2,1,1,1,1,2,5,5,2,0,0,30
106233,2,2,1,2,1,4,81,6,2,0,0,28
106239,2,6,1,9,1,9,129,7,2,0,0,37
106349,2,1,1,2,1,2,6,5,2,0,0,148
106356,2,1,1,1,1,3,7,7,2,0,0,28
106379,2,3,1,5,1,7,11,7,2,0,0,51
106429,2,3,1,17,1,6,28,5,2,0,0,30
106444,2,4,1,19,1,9,32,6,2,0,0,71
106449,2,4,1,19,1,10,33,7,2,0,0,41
106469,2,3,1,3,1,4,9,7,2,0,0,48
106471,2,3,1,3,1,5,10,8,2,0,0,44
106476,2,6,1,24,1,19,43,9,2,0,0,292
106504,2,5,1,50,1,19,124,9,2,0,0,7559
106614,2,4,1,37,1,8,99,6,2,0,0,68
106662,2,7,1,9,1,10,24,7,2,0,0,76
106687,2,10,1,48,1,18,164,8,2,0,0,162
106795,2,49,1,134,1,109,1660,58,2,0,0,446
106818,2,2,1,2,1,3,21,9,2,0,0,43
106886,2,21,1,64,1,36,357,10,2,0,0,114
106899,2,4,1,8,1,5,19,9,2,0,0,37
106914,2,23,1,82,1,60,403,21,2,0,0,70
107107,2,13,1,29,1,13,302,7,2,0,0,127
107712,2,12,1,35,1,33,238,10,2,0,0,360
108353,2,29,1,161,1,124,1042,33,2,0,0,91
141675,2,5,1,24,1,7,45,15,2,0,0,659
141694,2,4,1,7,1,5,16,8,2,0,0,510744
102283,24,2,1,149,3,2,292,60,6,0,0,358
102426,24,1,1,1,1,2,5,5,2,0,0,27
102477,24,2,1,6,2,2,17,10,4,0,100,615
102568,24,3,1,8,1,2,466,5,2,0,0,111
102611,24,2,1,13,3,2,58,19,6,0,0,22
102809,24,1,1,2,1,2,8,7,2,0,0,34
103466,24,1,1,10,1,2,16,5,2,0,0,49
103555,24,3,1,35,6,2,358,161,16,0,0,1728
103564,24,2,1,5,1,2,69,5,2,0,0,101
103794,24,2,1,3,1,2,15,5,2,0,0,267
103798,24,6,1,146,1,2,233,10,2,0,0,773
104066,24,2,1,22,1,2,40,5,2,0,100,18
104403,24,3,1,14,1,4,23,5,2,0,100,90
104798,24,7,1,20,1,4,46,5,2,0,0,191
104958,24,2,1,23,1,2,52,5,2,0,0,38
105509,24,5,1,111,1,2,377,5,2,0,100,10
105523,24,2,1,23,1,2,61,6,2,0,0,144
106295,24,3,1,51,1,2,127,5,2,0,0,77
106330,24,6,1,26,1,5,41,5,2,0,100,22
107008,24,13,1,593,1,4,1974,42,10,0,0,20
107046,24,4,1,247,2,2,644,14,4,0,0,88
107865,24,4,1,27,1,2,46,5,2,0,0,611
107938,24,6,1,25,2,2,40,10,4,0,50,100
111231,24,3,1,24,1,2,42,13,2,0,0,193
112141,24,2,1,5,1,2,23,7,2,0,0,1349
112259,24,166,1,168,1,1,180,5,2,0,100,11
112286,24,167,1,169,1,1,181,5,2,0,100,34
112326,24,166,1,168,1,1,181,6,2,0,0,1203
102485,75,22,1,70,1,4,788,13,2,0,0,744370
102729,48,60,1,131,1,13,3998,19,2,0,0,44908
103420,48,116,1,138,1,4,2161,5,2,0,0,344
104757,48,506,1,974,1,11,12405,5,2,0,0,58121
106544,48,925,1,1352,1,15,23981,11,2,0,0,362
108511,48,62,1,108,1,4,4144,5,2,0,0,10770
102441,51,3,1,9,1,2,150,92,5,0,0,69
102452,51,11,1,34,1,2,406,14,2,0,0,106
102520,51,18,1,46,1,2,394,10,2,0,0,130
102545,51,11,1,47,2,2,190,12,4,0,0,165
103537,51,30,1,66,1,3,675,7,2,0,0,104
103617,51,12,1,33,1,3,71,6,2,0,0,314
104398,51,47,1,121,1,8,957,24,6,0,0,9721
104439,51,7,1,20,1,2,238,7,2,0,0,142
104637,51,90,2,205,2,11,3005,19,2,0,0,518
104820,51,76,1,282,2,8,1409,10,4,0,0,232
105127,51,5,2,22,8,2,628,353,16,0,0,63818
105185,51,53,2,116,2,4,1943,10,2,0,0,3526
105931,51,89,3,261,4,8,1902,62,6,0,0,2901
106020,51,19,1,30,2,2,82,15,4,0,0,290
107642,51,249,1,625,1,13,3577,8,2,0,0,1930
107697,51,234,1,413,1,9,2666,9,2,0,0,2459
108225,51,20,1,32,1,4,550,5,2,0,0,3150
108299,51,42,1,125,1,4,716,5,2,0,0,334
108348,51,45,1,111,1,3,1193,13,2,0,0,217
108449,51,31,3,62,7,4,615,119,2,0,0,3699
108767,51,207,1,660,1,8,3143,6,2,0,0,94197
109067,51,3,1,14,2,2,56,30,4,0,0,987
109803,51,3,1,3,1,2,10,8,2,0,0,6494
110502,51,9,1,36,2,3,233,34,4,0,0,234
110529,51,11,3,21,3,2,47,24,6,0,0,45831
110874,51,64,1,222,1,4,995,5,2,0,0,428
111590,51,16,1,45,2,2,167,13,4,0,0,443
111900,51,15,1,22,1,2,80,9,2,0,0,349
112626,51,13,4,46,4,3,225,28,8,0,0,121
114258,51,375,1,2123,1,65,8284,7,2,0,0,62531
114327,51,120,2,349,4,13,1750,139,2,0,0,3743
114434,51,50,1,128,1,13,913,5,2,0,0,4569
116989,51,49,1,437,1,11,1318,5,2,0,0,6106
118084,51,116,2,2520,7,14,12288,137,2,0,0,145205
121862,51,54,3,270,3,7,588,20,2,0,0,522
122153,51,164,2,2309,2,16,4540,12,4,0,0,83081
123219,51,52,1,107,1,3,1659,32,2,0,0,571
141980,51,3,1,6,1,3,11,5,2,0,0,5101
142096,51,131,3,326,3,9,2643,47,6,0,0,147564
142228,51,141,2,335,2,11,3068,32,4,0,0,58209
142249,51,16,1,24,1,6,123,7,2,0,0,171
105887,33,58,1,100,1,11,3825,6,2,0,0,290
108632,33,276,4,495,12,1,520086,196,8,0,0,623
115062,33,39,1,97,3,7,3031,21,6,0,0,44082
115606,33,56,1,238,1,17,5742,7,2,0,0,15512
116258,33,11,1,12,1,4,449,8,2,0,0,67607
118830,33,8,1,34,1,3,253,31,2,0,0,622
119004,33,14,2,60,2,5,360,18,4,0,0,167349
119005,33,5,1,17,1,3,36,7,2,0,0,252362
141914,33,1,1,2,1,2,11,7,2,0,0,1550
141975,33,221,1,1018,3,18,11178,22,6,0,0,6145
102700,56,4,1,14,1,2,46,18,2,0,0,504
102792,56,43,1,105,2,13,210,19,4,0,0,2933
102808,56,42,2,108,2,12,284,13,4,0,0,134
103133,56,12,1,16,1,2,27,6,2,0,0,243
103629,56,50,1,180,1,6,1881,10,2,0,0,139
103704,56,12,1,35,1,3,166,6,2,0,0,34
104594,56,50,2,347,3,13,2436,40,6,0,0,52
104689,56,8,1,13,1,5,45,7,2,0,0,40
105584,56,2,2,4,4,1,36,36,8,0,0,120
106980,56,43,1,289,1,2,2377,6,2,0,0,72
107471,56,1,1,3,1,1,23,5,2,0,0,214
107747,56,1,1,4,1,1,15,6,2,0,0,179
108546,56,46,1,599,1,2,2750,141,2,0,100,62
109402,56,601,1,1240,1,8,7459,24,2,0,0,24543
110464,56,4,1,303,1,2,16305,14668,2,0,0,9048
110525,56,36,2,363,2,5,12396,19,4,0,0,27921
125120,56,4,1,14,1,2,46,18,2,0,0,504
125136,56,43,1,105,2,13,210,19,4,0,0,2933
125138,56,42,2,108,2,12,284,13,4,0,0,134
125173,56,12,1,16,1,2,27,6,2,0,0,243
125208,56,50,1,180,1,6,1881,10,2,0,0,139
125214,56,12,1,35,1,3,166,6,2,0,0,34
125250,56,50,2,347,3,13,2436,40,6,0,0,52
125265,56,8,1,13,1,5,45,7,2,0,0,40
125356,56,2,2,4,4,1,36,36,8,0,0,120
125485,56,43,1,289,1,2,2377,6,2,0,0,72
125531,56,1,1,3,1,1,23,5,2,0,0,214
125563,56,1,1,4,1,1,15,6,2,0,0,179
125658,56,46,1,599,1,2,2750,141,2,0,100,62
125796,56,601,1,1240,1,8,7459,24,2,0,0,24543
125886,56,4,1,303,1,2,16305,14668,2,0,0,9048
125894,56,36,2,363,2,5,12396,19,4,0,0,27921
110674,60,3,1,186,1,138,317,5,2,0,0,82587
111308,60,1,1,4,1,5,8,5,2,0,0,889
111379,60,1,1,204,1,3,318,12,2,0,0,15727
111385,60,3,1,163,1,7,284,13,2,0,0,11569
119709,83,19,1,32,1,10,992,63,10,0,0,163
119954,83,115,5,238,5,7,1722,54,10,0,0,27359
120537,83,25,1,58,1,12,648,45,9,0,0,109720
120633,83,2,1,8,1,3,23,14,2,0,0,2019
119590,86,38,1,92,1,1,3531,416,2,0,0,1134
119972,89,11,1,15,1,1,180,34,4,0,0,290
120018,89,25,2,98,2,5,736,85,4,0,0,1964
120027,89,36,2,103,2,8,1059,16,4,0,0,1297
120048,89,25,1,119,2,3,812,62,4,0,0,587
120057,89,7,1,11,4,3,67,38,280,0,0,214
120060,89,7,1,15,4,4,102,38,280,0,0,148
120114,89,16,1,44,1,2,142,13,2,0,0,237866
120134,89,9,1,20,1,1,293,6,2,0,0,1081
127078,89,12,3,46,3,3,287,22,6,0,0,765
127227,89,67,1,226,1,15,7157,6,2,0,0,349
127251,89,31,1,55,1,3,3431,5,2,0,0,115
127279,89,1,1,2,1,2,8,6,2,0,0,65
127293,89,11,1,57,1,2,213,73,2,0,0,313
127580,89,9,2,355,2,2,1084,18,4,0,0,45856
127800,89,153,1,601,1,4,1944,11,2,0,0,1884
128371,89,36,2,66,2,3,7316,267,4,0,0,80622
128434,89,237,8,384,8,9,12388,590,16,0,0,902
128453,89,100,1,111,1,1,4922,5,2,0,0,3657
129266,89,73,1,114,1,5,59244,5,2,0,0,1582
129336,89,8,1,36,1,3,149,5,2,0,0,332019
129866,89,12,1,56,1,2,468,32,2,0,0,102
130131,89,115,2,224,2,13,1081,46,4,0,0,1521
131338,89,7,1,38,1,1,126,7,2,0,0,127
131342,89,7,1,41,1,1,134,7,2,0,0,59
131406,89,8,1,25,1,4,79,9,2,0,0,80
131538,89,2,1,3,1,4,11,9,2,0,0,56
131578,89,4,2,11,2,2,43,20,2,0,0,161
131593,89,4,1,11,1,2,44,7,2,0,0,1333
131598,89,4,1,11,1,2,40,5,2,0,0,26
132741,89,17,2,19,2,2,103,50,4,0,0,268
132923,89,93,1,482,1,11,2676,7,2,0,0,1701
133722,89,1,1,2,1,1,13,9,2,0,0,2737
133783,89,47,1,185,1,3,529,15,2,0,0,149
134212,89,137,11,704,11,22,2561,97,22,0,0,809
134958,89,110,2,234,2,6,865,12,4,0,0,151984
135217,89,91,2,200,2,2,659,24,4,0,0,26563
142113,89,217,1,1394,1,22,6000,6,2,0,0,1386
142225,89,218,2,441,2,2,5352,24,4,0,0,23429
142290,89,347,4,740,4,8,7776,83,8,0,0,17799
127476,90,11,1,12,1,2,200,5,2,0,0,33089
127636,90,26,1,161,1,5,427,6,2,0,0,13886
129085,90,40,1,845,1,9,1845,106,2,0,0,14972
127092,92,13,1,49,1,3,254,12,2,0,0,4077
127099,92,31,1,120,1,8,765,11,2,0,0,826
127125,92,40,1,120,2,6,860,70,6,0,0,279
127143,92,40,3,193,12,10,930,133,24,0,0,1599
127265,92,50,1,149,2,20,1273,13,4,0,0,87849
127526,92,156,1,252,1,9,767,5,2,0,0,796
127931,93,7,3,30,3,3,206,112,3,0,0,861
127934,93,17,4,75,4,5,692,110,7,0,0,61969
127943,93,8,1,46,1,2,730,5,2,0,0,58510
127978,93,48,2,242,3,9,1728,53,4,0,0,278
128150,93,61,6,351,7,21,2827,141,6,0,0,506
128210,93,12,1,41,1,8,260,19,2,0,0,1107
128211,93,12,1,41,1,8,260,19,2,0,0,1107
128294,93,5,1,20,1,2,84,17,4,0,0,-144030
128969,93,40,1,77,1,4,8616,104,2,0,0,349
128974,93,75,1,94,1,4,11056,5,2,0,0,84
130869,93,87,4,399,5,17,2610,206,21,0,20,124772
131029,93,30,2,168,2,13,600,37,4,0,0,353
131153,93,14,1,26,1,9,569,7,2,0,0,151
132450,93,12,1,38,1,5,84,6,2,0,0,96
132668,93,44,1,155,1,17,896,39,2,0,0,502
132978,93,84,1,617,1,28,7176,10,2,0,0,620
133622,93,226,1,1598,1,150,19630,10,2,0,0,1557
133637,93,218,1,1520,1,138,18942,7,2,0,0,1372
133751,93,96,1,359,1,45,4563,8,2,0,0,1822
133814,93,136,1,530,1,67,5322,47,2,0,0,7392
142765,93,69,1,190,1,20,2508,20,2,0,0,430
142846,93,35,3,181,3,21,1470,51,6,0,0,881
142997,93,147,1,711,1,60,15297,6,2,0,0,384
143179,93,124,1,620,1,56,10426,5,2,0,0,104
143530,93,27,1,64,1,16,419,19,2,0,0,14036
143689,93,82,1,410,1,62,4367,57,5,0,0,11051
143875,93,40,1,152,2,20,1272,26,4,0,0,4375
143877,93,99,1,536,1,74,5421,16,2,0,0,1800
144079,93,227,1,1382,1,159,26934,85,8,0,0,12524
129670,95,11,1,245,1,3,519,25,5,0,0,219
129694,95,4,1,27,1,2,186,19,2,0,0,7918
129701,95,7,1,46,1,2,197,13,2,0,0,10844
129706,95,10,1,87,1,2,573,7,2,0,0,197
129723,95,6,1,35,1,3,451,194,2,0,0,878
129729,95,4,1,17,2,3,89,16,4,0,0,146
129854,95,23,1,374,9,2,2672,89,18,0,0,55274
142100,95,496,1,8065,1,121,99727,18,7,0,0,1929842
142930,95,48,3,441,3,5,2283,15,6,0,0,313
134295,96,36,1,137,1,3,1438,5,2,0,0,156
134354,96,30,3,111,6,4,1958,323,21,0,0,3551
134385,96,25,4,119,5,2,1097,115,10,0,0,1196
134575,96,94,3,198,3,3,3796,78,6,0,0,1207
134633,96,18,1,96,1,3,183,7,2,0,0,10632
141758,96,50,4,198,9,19,2562,99,18,0,0,121407
141787,96,34,2,138,2,13,746,53,4,0,0,93676
142134,97,23,2,118,6,2,494,62,12,0,0,6327
142377,97,36,3,268,4,1,672,29,8,0,0,3713
142394,97,59,3,282,4,5,1242,40,8,0,0,5292
142410,97,8,1,50,1,1,215,17,2,0,0,84
